,Earnings Result,Actual,Estimate,Growth,Low Estimate,Low Growth Est,High Estimate,High Growth Est,Consensus Estimate,Actual/Estimate,A/E Growth,Consensus Growth Est
Year ending 12/2019,Neutral,1.52,,,1.5,,1.54,,1.52,1.52,,
Year ending 12/2020,Positive Surprise,1.03,,-0.3223684210526315,,0.0,,0.0,0.83,1.03,-0.3223684210526315,0.0
Year ending 12/2021,Neutral,2.49,,1.41747572815534,2.42,0.6133333333333333,2.83,0.8376623376623378,2.625,2.49,1.41747572815534,0.7254978354978355
Year ending 12/2022,Neutral,,2.25,0.0,2.14,-0.11570247933884292,2.34,-0.17314487632508846,2.25,2.25,-0.09638554216867479,-0.1444236778319657
Year ending 12/2023,Neutral,,2.5,0.0,2.0,-0.06542056074766356,2.8,0.19658119658119655,2.5,2.5,0.11111111111111116,0.0655803179167665
