,Earnings Result,Actual,Estimate,Growth,Low Estimate,Low Growth Est,High Estimate,High Growth Est,Consensus Estimate,Actual/Estimate,A/E Growth,Consensus Growth Est
Year ending 12/2019,Neutral,0.64,,,0.59,,0.69,,0.6399999999999999,0.64,,
Year ending 12/2020,Neutral,1.29,,1.015625,1.04,0.7627118644067798,1.33,0.9275362318840583,1.185,1.29,1.015625,0.8451240481454191
Year ending 12/2021,Positive Surprise,2.79,,1.1627906976744184,,0.0,,0.0,2.64,2.79,1.1627906976744184,0.0
Year ending 12/2022,Neutral,,3.52,0.0,3.39,2.2596153846153846,3.85,1.8947368421052633,3.52,3.52,0.2616487455197132,2.077176113360324
Year ending 12/2023,Neutral,,3.65,0.0,2.96,-0.12684365781710916,4.57,0.18701298701298708,3.65,3.65,0.03693181818181812,0.03008466459793896
