,Earnings Result,Actual,Estimate,Growth,Low Estimate,Low Growth Est,High Estimate,High Growth Est,Consensus Estimate,Actual/Estimate,A/E Growth,Consensus Growth Est
Year ending 12/2019,Neutral,1.48,,,1.46,,1.48,,1.47,1.48,,
Year ending 12/2020,Neutral,1.3,,-0.1216216216216216,1.25,-0.14383561643835618,1.29,-0.1283783783783784,1.27,1.3,-0.1216216216216216,-0.1361069974083673
Year ending 12/2021,Neutral,1.56,,0.19999999999999996,1.45,0.15999999999999992,1.56,0.20930232558139528,1.505,1.56,0.19999999999999996,0.1846511627906976
Year ending 12/2022,Neutral,,1.68,0.0,1.65,0.13793103448275867,1.72,0.10256410256410242,1.68,1.68,0.07692307692307687,0.12024756852343055
Year ending 12/2023,Neutral,,1.99,0.0,1.85,0.12121212121212133,2.23,0.2965116279069768,1.99,1.99,0.18452380952380953,0.20886187455954908
