,Earnings Result,Actual,Estimate,Growth,Low Estimate,Low Growth Est,High Estimate,High Growth Est,Consensus Estimate,Actual/Estimate,A/E Growth,Consensus Growth Est
Year ending 12/2019,Neutral,4.06,,,4.04,,4.09,,4.0649999999999995,4.06,,
Year ending 12/2020,Neutral,2.35,,-0.4211822660098521,2.24,-0.4455445544554455,2.56,-0.3740831295843521,2.4000000000000004,2.35,-0.4211822660098521,-0.4098138420198988
Year ending 12/2021,Neutral,4.85,,1.0638297872340425,4.56,1.0357142857142851,4.68,0.8281249999999998,4.619999999999999,4.85,1.0638297872340425,0.9319196428571425
Year ending 12/2022,Neutral,,5.64,0.0,5.58,0.22368421052631593,5.71,0.2200854700854702,5.64,5.64,0.16288659793814442,0.22188484030589306
Year ending 12/2023,Neutral,,6.7,0.0,5.35,-0.04121863799283165,7.05,0.23467600700525382,6.7,6.7,0.1879432624113475,0.09672868450621108
