,Earnings Result,Actual,Estimate,Growth,Low Estimate,Low Growth Est,High Estimate,High Growth Est,Consensus Estimate,Actual/Estimate,A/E Growth,Consensus Growth Est
Year ending 12/2019,Neutral,5.2,,,5.01,,5.19,,5.1,5.2,,
Year ending 12/2020,Neutral,5.81,,0.11730769230769211,5.63,0.12375249500997998,5.85,0.1271676300578033,5.74,5.81,0.11730769230769211,0.12546006253389164
Year ending 12/2021,Neutral,7.68,,0.3218588640275388,7.43,0.31971580817051515,7.82,0.3367521367521369,7.625,7.68,0.3218588640275388,0.328233972461326
Year ending 12/2022,Neutral,,8.19,0.0,8.05,0.08344549125168244,8.3,0.0613810741687979,8.19,8.19,0.06640625,0.07241328271024017
Year ending 12/2023,Neutral,,7.11,0.0,6.5,-0.1925465838509317,8.5,0.02409638554216853,7.11,7.11,-0.13186813186813173,-0.08422509915438159
