,Earnings Result,Actual,Estimate,Growth,Low Estimate,Low Growth Est,High Estimate,High Growth Est,Consensus Estimate,Actual/Estimate,A/E Growth,Consensus Growth Est
Year ending 12/2019,Neutral,9.08,,,8.99,,9.14,,9.065000000000001,9.08,,
Year ending 12/2020,Neutral,8.74,,-0.037444933920704804,8.38,-0.06785317018909898,8.65,-0.05361050328227568,8.515,8.74,-0.037444933920704804,-0.06073183673568733
Year ending 12/2021,Neutral,10.12,,0.1578947368421051,9.7,0.15751789976133623,9.9,0.1445086705202312,9.8,10.12,0.1578947368421051,0.15101328514078372
Year ending 12/2022,Neutral,,10.21,0.0,10.1,0.04123711340206193,10.34,0.04444444444444429,10.21,10.21,0.008893280632411127,0.04284077892325311
Year ending 12/2023,Neutral,,10.46,0.0,9.9,-0.01980198019801971,11.31,0.0938104448742747,10.46,10.46,0.02448579823702257,0.037004232338127496
