,Earnings Result,Actual,Estimate,Growth,Low Estimate,Low Growth Est,High Estimate,High Growth Est,Consensus Estimate,Actual/Estimate,A/E Growth,Consensus Growth Est
Year ending 12/2021,Neutral,-2.96,,,-3.06,,-1.53,,-2.295,-2.96,,
Year ending 12/2022,Neutral,,-2.28,0.0,-2.33,-0.23856209150326801,-2.21,0.4444444444444444,-2.28,-2.28,-0.22972972972972983,0.1029411764705882
Year ending 12/2023,Neutral,,-2.57,0.0,-2.81,0.20600858369098707,-2.34,0.05882352941176472,-2.57,-2.57,0.1271929824561404,0.1324160565513759
