,Earnings Result,Actual,Estimate,Growth,Low Estimate,Low Growth Est,High Estimate,High Growth Est,Consensus Estimate,Actual/Estimate,A/E Growth,Consensus Growth Est
Year ending 12/2019,Neutral,4.85,,,4.6,,4.74,,4.67,4.85,,
Year ending 12/2020,Positive Surprise,4.99,,0.02886597938144342,,0.0,,0.0,4.56,4.99,0.02886597938144342,0.0
Year ending 12/2021,Neutral,6.58,,0.3186372745490982,6.4,0.39130434782608714,6.55,0.3818565400843881,6.475,6.58,0.3186372745490982,0.3865804439552376
Year ending 12/2022,Neutral,,5.27,0.0,5.2,-0.1875,5.45,-0.16793893129770987,5.27,5.27,-0.19908814589665658,-0.17771946564885494
Year ending 12/2023,Neutral,,6.0,0.0,5.6,0.07692307692307687,6.72,0.23302752293577966,6.0,6.0,0.13851992409867186,0.15497529992942827
