,Earnings Result,Actual,Estimate,Growth,Low Estimate,Low Growth Est,High Estimate,High Growth Est,Consensus Estimate,Actual/Estimate,A/E Growth,Consensus Growth Est
Year ending 12/2019,Neutral,0.49,,,2.25,,2.43,,2.34,0.49,,
Year ending 12/2020,Neutral,0.67,,0.3673469387755104,3.22,0.4311111111111112,3.35,0.37860082304526754,3.285,0.67,0.3673469387755104,0.4048559670781894
Year ending 12/2021,Neutral,0.8,,0.19402985074626855,3.87,0.20186335403726696,4.0,0.19402985074626855,3.935,0.8,0.19402985074626855,0.19794660239176776
Year ending 12/2022,Neutral,,1.15,0.0,1.11,-0.7131782945736433,1.21,-0.6975,1.15,1.15,0.4374999999999998,-0.7053391472868217
Year ending 12/2023,Neutral,,1.4,0.0,1.25,0.12612612612612595,1.6,0.3223140495867769,1.4,1.4,0.21739130434782616,0.22422008785645142
